Repetition,Time_ms,First_Iteration,Food_KPI,Checksum
1,30984.064553,1236,296,1641247467920585528
2,36592.257431,1236,296,1641247467920585528
MEAN_TIME_MS,33788.160992,,,
STD_DEV_TIME_MS,2804.096439,,,
